replication,timetable,num_weeks,warmup_weeks,total_sim_weeks,scheduled_count,completed_count,unscheduled_count,unscheduled_count_total,mean_prep_duration,mean_booking_wait,mean_lateness,mean_procedure_duration,Z1_wait_time,Z2_overtime,Z3_congestion,H,total_overtime_min,lunch_overtime_min,after_hours_overtime_min
1,R1,210,20,230,2707,2707,276,276,11441.859630681776,141412.7587836407,56.10972429313695,78.07453009204882,149525.9194208584,3.783714071784826,5.0,3.027785212362703,47674.797304488806,28760.456312675902,18914.340991812904
2,R1,210,20,230,2663,2663,222,222,10973.930369481212,79408.78087207391,54.54851635668187,78.64285430854575,86956.54050366249,3.6690073395460994,5.0,2.0875167256110463,46229.49247828085,28505.532281598164,17723.96019668269
3,R1,210,20,230,2697,2697,227,227,10670.32338838152,90592.36989804744,55.114528041528864,79.59384349952974,112964.12903724525,3.815422307363841,5.0,2.486247609548114,48074.3210727844,27326.180772628286,20748.140300156112
4,R1,210,20,230,2665,2665,392,392,11332.9828065068,128835.17272196205,56.3805655239701,79.26635208732993,146522.62804279567,3.717719411847206,5.0,2.9778138035846164,46843.2645892748,28188.747274130787,18654.51731514401
5,R1,210,20,230,2758,2758,449,449,11196.215164934825,142937.456173882,55.379682675911944,78.79321735560855,157589.6907548321,3.843965144944204,5.0,3.1526018954472046,48433.96082629697,28170.45073952753,20263.510086769442
6,R1,210,20,230,2642,2642,146,146,10942.42641897171,48684.19912561908,54.438221520784715,78.83218461722491,58892.34670313919,3.8113029372836515,5.0,1.6812784418746443,48022.41700977401,28220.56470756515,19801.852302208863
7,R1,210,20,230,2674,2674,295,295,10941.372923834118,99420.69689530703,55.235573194056315,78.64320895886101,114164.64230816101,3.7453485857944666,5.0,2.4985064926397627,47191.39218101028,28943.703059830266,18247.68912118001
8,R1,210,20,230,2656,2656,238,238,10946.413423525419,111042.47373852659,53.97274984037613,79.31040205851711,119388.99321760848,3.837895118729135,5.0,2.5836535323794094,48357.4784959871,28774.742883782223,19582.73561220488
