{
  "timetable": "R1",
  "search_seed": 123,
  "class_totals": [
    8,
    10
  ],
  "best_mean_H_search": 2.0609249612664384,
  "best_rel_half_width": 0.2705758885610919,
  "best_eval_replications": 6,
  "final_eval_reps": 8,
  "final_eval_mean_H": 2.5619254641809377,
  "final_eval_std_H": 0.49995872743809017,
  "final_eval_mean_unscheduled": 280.625,
  "best_qik_json": [
    [
      0,
      0,
      0,
      0,
      0,
      1,
      0,
      0,
      0,
      0,
      0,
      0,
      0,
      0,
      0,
      0,
      0,
      0,
      0,
      0,
      0,
      0,
      0,
      0,
      1,
      1,
      1,
      0,
      0,
      1,
      0,
      0,
      0,
      0,
      0,
      0,
      0,
      1,
      1,
      1
    ],
    [
      0,
      0,
      0,
      0,
      0,
      0,
      0,
      0,
      0,
      1,
      1,
      1,
      1,
      0,
      0,
      0,
      0,
      0,
      0,
      0,
      0,
      0,
      1,
      0,
      0,
      1,
      1,
      1,
      0,
      0,
      0,
      0,
      0,
      1,
      1,
      0,
      0,
      0,
      0,
      0
    ]
  ]
}