replication,timetable,num_weeks,warmup_weeks,total_sim_weeks,scheduled_count,completed_count,unscheduled_count,unscheduled_count_total,mean_prep_duration,mean_booking_wait,mean_lateness,mean_procedure_duration,Z1_wait_time,Z2_overtime,Z3_congestion,H,total_overtime_min,lunch_overtime_min,after_hours_overtime_min
1,R2,210,20,230,2678,2678,41,41,11173.325619037407,5106.9979682334,56.01337649610427,78.84177661031704,6343.5058276112295,3.5633989489052516,4.0,0.7794693240613968,44898.82675620617,23936.95362492744,20961.873131278728
2,R2,210,20,230,2939,2939,29,29,10931.230935061032,8882.741978132331,56.29435607177483,76.57240109361064,10086.292146692278,3.9911474602484507,4.0,0.8693854299551779,50288.45799913048,26552.89318108192,23735.56481804856
3,R2,210,20,230,2799,2799,27,27,11675.328738752167,5211.44374584796,54.76421340965232,78.84002250185532,7438.410245389614,3.8623918812125386,4.0,0.8196819791486343,48666.137703277986,25885.93631561991,22780.201387658075
4,R2,210,20,230,2918,2918,20,20,10977.930548104332,4869.840350199253,55.62267950197366,80.00641332362842,5761.779544666548,4.299813687293485,4.0,0.8297258620172072,54177.652459897916,26967.844352722983,27209.808107174933
5,R2,210,20,230,2849,2849,31,31,11058.056997525242,6565.859399830646,55.01966570599522,79.09340486536345,8434.48206699226,3.8722904844742683,4.0,0.8352963647548501,48790.86010437578,26525.786625731707,22265.073478644073
6,R2,210,20,230,2954,2954,16,16,11418.580205740893,6224.282106999976,55.24792667764981,78.71332806516834,7098.548754135849,4.1178982254149465,4.0,0.8350650240173602,51885.517640228325,26672.140581345535,25213.37705888279
7,R2,210,20,230,2983,2983,20,20,11113.424026541405,10235.669696493182,55.63461738160344,77.88579034497886,11429.805033940902,4.052238033627533,4.0,0.894265427123847,51058.199223706906,26376.696104870585,24681.50311883632
8,R2,210,20,230,2978,2978,32,32,11560.238992674533,8505.13337079281,55.53505273238154,78.235404379813,10488.82560632473,4.025215270283051,4.0,0.8781009360024764,50717.712405566446,26852.959759991878,23864.75264557457
