replication,timetable,num_weeks,warmup_weeks,total_sim_weeks,scheduled_count,completed_count,unscheduled_count,unscheduled_count_total,mean_prep_duration,mean_booking_wait,mean_lateness,mean_procedure_duration,Z1_wait_time,Z2_overtime,Z3_congestion,H,total_overtime_min,lunch_overtime_min,after_hours_overtime_min
1,R2,210,20,230,2607,2607,112,112,12367.650252982314,36813.22064204579,56.40124554689291,77.36653612692474,41942.47073395958,4.958070995032476,5.0,1.5207895893341394,62471.6945374092,24630.436972154712,37841.25756525449
2,R2,210,20,230,2707,2707,261,261,11091.32671389795,90617.60022491046,57.21310000804251,77.32186337223531,102306.1819869562,5.206641828527548,5.0,2.4389447687071475,65603.6870394471,23885.45697121421,41718.23006823289
3,R2,210,20,230,2638,2638,188,188,11206.167548167225,71663.42767328914,56.059163824225884,78.54592314494272,79698.05672922032,5.329878546742174,5.0,2.112373270781343,67156.46968895139,24084.753580543387,43071.716108408
4,R2,210,20,230,2621,2621,317,317,11245.169946550765,113637.37454944597,56.71479351997486,81.36040791232595,126702.54899315492,5.597961487749242,5.0,2.8332915171323636,70534.31474564044,24584.59597664015,45949.71876900029
5,R2,210,20,230,2600,2600,280,280,10398.792474602531,76721.65816340077,54.553358529377775,78.43214199051627,104095.18813606449,5.279419328043714,5.0,2.471389083982552,66520.68353335079,23957.274479233718,42563.40905411707
6,R2,210,20,230,2673,2673,297,297,12238.604852774664,77653.24576173382,55.06812057851135,76.91563945318686,122553.26555887569,4.989893348472378,5.0,2.722900776789631,62872.656190751964,24150.295416276407,38722.36077447556
7,R2,210,20,230,2665,2665,338,338,11201.070541725723,168661.88645222283,57.32181990719976,79.22952470418937,178230.4473713819,5.532392812204895,5.0,3.5948302251457647,69708.14943378168,25108.46708152804,44599.68235225364
8,R2,210,20,230,2634,2634,376,376,11547.112146212052,142358.13623278844,54.85545011915712,77.64795923595733,158513.54355254097,5.129123931302858,6.0,3.369162407845612,64626.96153441601,24259.376229390065,40367.58530502595
