{
  "timetable": "R2",
  "search_seed": 10123,
  "class_totals": [
    12,
    13
  ],
  "best_mean_H_search": 0.7843649605042656,
  "best_rel_half_width": 0.07139826220047508,
  "best_eval_replications": 3,
  "final_eval_reps": 8,
  "final_eval_mean_H": 0.8426237933851187,
  "final_eval_std_H": 0.036710582066610715,
  "final_eval_mean_unscheduled": 27.0,
  "best_qik_json": [
    [
      0,
      1,
      1,
      0,
      0,
      0,
      0,
      0,
      0,
      1,
      1,
      0,
      0,
      0,
      0,
      0,
      0,
      1,
      1,
      0,
      1,
      0,
      0,
      0,
      1,
      1,
      1,
      0,
      0,
      0,
      0,
      0,
      0,
      0,
      0,
      0,
      0,
      1,
      1,
      0
    ],
    [
      0,
      1,
      1,
      1,
      0,
      0,
      0,
      0,
      0,
      0,
      0,
      0,
      1,
      1,
      0,
      0,
      0,
      0,
      0,
      0,
      1,
      1,
      1,
      0,
      0,
      1,
      1,
      1,
      0,
      0,
      0,
      0,
      0,
      1,
      1,
      0,
      0,
      0,
      0,
      0
    ]
  ]
}