{
  "timetable": "R2",
  "policy_name": "R2_0b7207bd_Lin",
  "search_seed": 10123,
  "class_totals": [
    7,
    10
  ],
  "best_mean_H_search": 2.3120857859861723,
  "best_rel_half_width": 0.2388124634174006,
  "best_eval_replications": 6,
  "final_eval_reps": 100,
  "final_eval_mean_H": 2.528940577032162,
  "final_eval_std_H": 0.5979009650447618,
  "final_eval_mean_unscheduled": 243.73,
  "best_qik_json": [
    [
      0,
      0,
      0,
      0,
      0,
      0,
      0,
      0,
      0,
      0,
      0,
      0,
      0,
      0,
      0,
      0,
      0,
      0,
      0,
      0,
      0,
      0,
      0,
      0,
      1,
      1,
      1,
      0,
      0,
      1,
      0,
      0,
      0,
      0,
      0,
      0,
      0,
      1,
      1,
      1
    ],
    [
      0,
      0,
      0,
      0,
      0,
      0,
      0,
      0,
      0,
      0,
      0,
      1,
      1,
      0,
      0,
      0,
      0,
      0,
      0,
      0,
      0,
      0,
      1,
      0,
      0,
      1,
      1,
      1,
      0,
      0,
      0,
      0,
      0,
      1,
      1,
      0,
      0,
      0,
      1,
      1
    ]
  ],
  "total_run_time": 36.866155757103115
}