timetable,class_totals_json,search_mean_H,search_rel_half_width,search_eval_reps,final_mean_H,final_std_H,final_mean_Z1_days,final_mean_Z2_hours,final_mean_Z3,final_mean_unscheduled,best_qik_json
R1,"[8, 10]",2.0609249612664384,0.2705758885610919,6,2.5619254641809377,0.49995872743809017,82.11848003370682,3.778046864661679,5.0,280.625,"[[0,0,0,0,0,1,0,0,0,0,0,0,0,0,0,0,0,0,0,0,0,0,0,0,1,1,1,0,0,1,0,0,0,0,0,0,0,1,1,1],[0,0,0,0,0,0,0,0,0,1,1,1,1,0,0,0,0,0,0,0,0,0,1,0,0,1,1,1,0,0,0,0,0,1,1,0,0,0,0,0]]"
R2,"[7, 10]",2.3120857859861723,0.2388124634174006,6,2.632960204964819,0.6640880977810276,79.34389783525643,5.252922784759411,5.125,271.125,"[[0,0,0,0,0,0,0,0,0,0,0,0,0,0,0,0,0,0,0,0,0,0,0,0,1,1,1,0,0,1,0,0,0,0,0,0,0,1,1,1],[0,0,0,0,0,0,0,0,0,0,0,1,1,0,0,0,0,0,0,0,0,0,1,0,0,1,1,1,0,0,0,0,0,1,1,0,0,0,1,1]]"
