timetable,class_totals_json,search_mean_H,search_rel_half_width,search_eval_reps,final_mean_H,final_std_H,final_mean_Z1_days,final_mean_Z2_hours,final_mean_Z3,final_mean_unscheduled,best_qik_json
R2,"[12, 13]",0.7843649605042656,0.07139826220047508,3,0.8426237933851187,0.036710582066610715,5.823059828624428,3.9730492489324405,4.0,27.0,"[[0,1,1,0,0,0,0,0,0,1,1,0,0,0,0,0,0,1,1,0,1,0,0,0,1,1,1,0,0,0,0,0,0,0,0,0,0,1,1,0],[0,1,1,1,0,0,0,0,0,0,0,0,1,1,0,0,0,0,0,0,1,1,1,0,0,1,1,1,0,0,0,0,0,1,1,0,0,0,0,0]]"
R1,"[8, 10]",2.0609249612664384,0.2705758885610919,6,2.5619254641809377,0.49995872743809017,82.11848003370682,3.778046864661679,5.0,280.625,"[[0,0,0,0,0,1,0,0,0,0,0,0,0,0,0,0,0,0,0,0,0,0,0,0,1,1,1,0,0,1,0,0,0,0,0,0,0,1,1,1],[0,0,0,0,0,0,0,0,0,1,1,1,1,0,0,0,0,0,0,0,0,0,1,0,0,1,1,1,0,0,0,0,0,1,1,0,0,0,0,0]]"
