timetable,policy_name,class_totals_json,search_mean_H,search_rel_half_width,search_eval_reps,final_mean_H,final_std_H,final_mean_Z1_days,final_mean_Z2_hours,final_mean_Z3,final_mean_unscheduled,best_qik_json,total_run_time
R1,R1_fd1de83f_Lin,"[8, 10]",2.0609249612664384,0.2705758885610919,6,2.3536670243171893,0.6092616737060362,72.65530228235073,3.7345961211923457,4.98,243.52,"[[0,0,0,0,0,1,0,0,0,0,0,0,0,0,0,0,0,0,0,0,0,0,0,0,1,1,1,0,0,1,0,0,0,0,0,0,0,1,1,1],[0,0,0,0,0,0,0,0,0,1,1,1,1,0,0,0,0,0,0,0,0,0,1,0,0,1,1,1,0,0,0,0,0,1,1,0,0,0,0,0]]",31.914304197998717
R2,R2_0b7207bd_Lin,"[7, 10]",2.3120857859861723,0.2388124634174006,6,2.528940577032162,0.5979009650447618,74.7730417033222,5.258263899512157,5.06,243.73,"[[0,0,0,0,0,0,0,0,0,0,0,0,0,0,0,0,0,0,0,0,0,0,0,0,1,1,1,0,0,1,0,0,0,0,0,0,0,1,1,1],[0,0,0,0,0,0,0,0,0,0,0,1,1,0,0,0,0,0,0,0,0,0,1,0,0,1,1,1,0,0,0,0,0,1,1,0,0,0,1,1]]",36.866155757103115
