{
    "interventional_nhpp": {
        "model": "NHPP",
        "start_hour": 8,
        "end_hour": 17,
        "lambda_hat": {
            "8:00-9:00": 0.03201024327784891,
            "9:00-10:00": 0.06274007682458387,
            "10:00-11:00": 0.0678617157490397,
            "11:00-12:00": 0.088348271446863,
            "12:00-13:00": 0.052496798975672214,
            "13:00-14:00": 0.088348271446863,
            "14:00-15:00": 0.08578745198463508,
            "15:00-16:00": 0.07298335467349552,
            "16:00-17:00": 0.034571062740076826
        }
    },
    "angiography_pln": {
        "model": "Poisson-Lognormal",
        "start_hour": 8,
        "end_hour": 17,
        "lambda_hat": {
            "8:00-9:00": 0.10243277848911651,
            "9:00-10:00": 0.28169014084507044,
            "10:00-11:00": 0.30985915492957744,
            "11:00-12:00": 0.3072983354673495,
            "12:00-13:00": 0.20614596670934698,
            "13:00-14:00": 0.26504481434058896,
            "14:00-15:00": 0.30985915492957744,
            "15:00-16:00": 0.2599231754161332,
            "16:00-17:00": 0.14084507042253522
        },
        "pln_fit": {
            "p_zero": 0.2586427656850192,
            "mu": 0.08856829024660651,
            "sigma": 0.6491600450121435
        }
    }
}