best_timetable,best_policy_name,surrogate_objective,validation_mean_H,validation_min_H,validation_max_H,validation_std_H,validation_mean_Z1,validation_mean_Z2,validation_mean_Z3,x_opt,qik_opt,total_run_time
R1,R1_c1146976_SAA,0.08834168000381618,2.0408178796575434,1.0930748626994335,3.2364137459406246,0.5011221147989144,66.78336985730849,3.80932085536881,3.05,"[1, 1, 0, 0, 1, 1, 1, 1, 1, 1, 1, 1, 1, 1, 1, 1, 1, 1]","[[0, 0, 0, 0, 0, 1, 0, 0, 0, 0, 0, 0, 0, 0, 0, 0, 0, 0, 0, 0, 0, 0, 0, 0, 1, 0, 0, 0, 0, 1, 0, 0, 0, 0, 0, 0, 0, 1, 1, 1], [0, 0, 0, 0, 0, 0, 0, 0, 0, 1, 1, 1, 1, 0, 0, 0, 0, 0, 0, 0, 0, 0, 1, 0, 0, 1, 1, 1, 0, 0, 0, 0, 0, 1, 1, 0, 0, 0, 0, 0]]",99.89949447987601
