timetable,policy_name,surrogate_objective,surrogate_wait_component,surrogate_overtime_component,surrogate_congestion_component,validation_mean_H,validation_min_H,validation_max_H,validation_std_H,weekly_slots,x_rounded
R1,R1_c1146976_SAA,0.08834168000381618,0.04226324863126726,0.0,0.046078431372549015,2.0408178796575434,1.0930748626994335,3.2364137459406246,0.5011221147989144,16,"[1, 1, 0, 0, 1, 1, 1, 1, 1, 1, 1, 1, 1, 1, 1, 1, 1, 1]"
R2,R2_6adae333_SAA,0.13439419592899537,0.08330062265489449,0.0,0.0510935732740708,1.0606298897008128,0.9160730119662932,1.1965958559357577,0.04861144273970621,20,"[1, 0, 0, 1, 1, 0, 1, 2, 2, 2, 2, 1, 2, 1, 1, 2, 1]"
